{"payload":{"installed_packages":["absl-py==1.3.0","aiohttp==3.8.3","aiosignal==1.2.0","appnope==0.1.2","asttokens==2.0.5","async-timeout==4.0.2","attrs==22.1.0","backcall==0.2.0","blinker==1.4","bottleneck==1.3.5","brotlipy==0.7.0","cachetools==4.2.2","certifi==2022.12.7","cffi==1.15.1","charset-normalizer==2.0.4","clearml==1.9.0","click==8.0.4","comet-ml==3.31.21","configobj==5.0.6","contourpy==1.0.5","cryptography==38.0.1","cycler==0.11.0","decorator==5.1.1","dulwich==0.20.50","everett==3.1.0","executing==0.8.3","flit-core==3.6.0","fonttools==4.25.0","frozenlist==1.3.3","furl==2.1.3","gitdb==4.0.10","gitpython==3.1.30","google-auth-oauthlib==0.4.4","google-auth==2.6.0","grpcio==1.42.0","idna==3.4","importlib-metadata==4.11.3","importlib-resources==5.10.2","ipython==8.7.0","jedi==0.18.1","jsonschema==4.17.3","kiwisolver==1.4.4","lxml==4.9.2","markdown==3.4.1","markupsafe==2.1.1","matplotlib-inline==0.1.6","matplotlib==3.6.2","mkl-fft==1.3.1","mkl-random==1.2.2","mkl-service==2.4.0","multidict==6.0.2","munkres==1.1.4","numexpr==2.8.4","numpy==1.23.5","oauthlib==3.2.1","opencv-python==4.7.0.68","orderedmultidict==1.0.1","packaging==22.0","pandas==1.5.2","parso==0.8.3","pathlib2==2.3.7.post1","pexpect==4.8.0","pickleshare==0.7.5","pillow==9.3.0","pip==22.3.1","pkgutil-resolve-name==1.3.10","prompt-toolkit==3.0.36","protobuf==3.19.6","psutil==5.9.0","ptyprocess==0.7.0","pure-eval==0.2.2","pyasn1-modules==0.2.8","pyasn1==0.4.8","pycparser==2.21","pygments==2.11.2","pyjwt==2.4.0","pyopenssl==22.0.0","pyparsing==3.0.9","pyqt5-qt5==5.15.2","pyqt5-sip==12.11.0","pyqt5==5.15.7","pyrsistent==0.19.3","pysocks==1.7.1","python-dateutil==2.8.2","pytz==2022.7","pyyaml==6.0","requests-oauthlib==1.3.0","requests-toolbelt==0.10.1","requests==2.28.1","rsa==4.7.2","scipy==1.10.0","seaborn==0.12.1","semantic-version==2.10.0","sentry-sdk==1.12.1","setuptools==65.5.0","simplejson==3.18.1","six==1.16.0","smmap==5.0.0","stack-data==0.2.0","tensorboard-data-server==0.6.1","tensorboard-plugin-wit==1.6.0","tensorboard==2.10.0","thop==0.1.1.post2209072238","torch==1.13.1","torchvision==0.14.1","tornado==6.2","tqdm==4.64.1","traitlets==5.7.1","typing-extensions==4.4.0","urllib3==1.26.13","wcwidth==0.2.5","websocket-client==1.3.3","werkzeug==2.2.2","wheel==0.37.1","wrapt==1.14.1","wurlitzer==3.0.3","yarl==1.8.1","zipp==3.11.0"],"local_timestamp":1677290523526},"type":"ws_msg"}
{"payload":{"local_timestamp":1677290523528,"stderr":true,"stdout":"COMET WARNING: Failed to log ip\n"},"type":"ws_msg"}
{"payload":{"env_details":{"command":["train.py","--data","xiaohe_finder.yaml","--weights","","--cfg","yolov5s.yaml","--img","640","--name","hei_test"],"env":null,"hostname":"Decsnows-MacBook-Pro.local","ip":null,"machine":"x86_64","os":"macOS-10.16-x86_64-i386-64bit","os_release":"22.3.0","os_type":"Darwin","pid":83084,"processor":"i386","python_exe":"/Users/chenggangma/opt/anaconda3/envs/pytorch/bin/python","python_version":"3.8.15","python_version_verbose":"3.8.15 (default, Nov 24 2022, 09:04:07) \n[Clang 14.0.6 ]","user":"chenggangma"},"local_timestamp":1677290523544},"type":"ws_msg"}
{"payload":{"local_timestamp":1677290523546,"metric":{"epoch":null,"metricName":"sys.cpu.percent.avg","metricValue":8.15625,"step":null}},"type":"metric_msg"}
{"payload":{"local_timestamp":1677290523546,"metric":{"epoch":null,"metricName":"sys.cpu.percent.01","metricValue":68.7,"step":null}},"type":"metric_msg"}
{"payload":{"local_timestamp":1677290523546,"metric":{"epoch":null,"metricName":"sys.cpu.percent.02","metricValue":0.2,"step":null}},"type":"metric_msg"}
{"payload":{"local_timestamp":1677290523546,"metric":{"epoch":null,"metricName":"sys.cpu.percent.03","metricValue":20.9,"step":null}},"type":"metric_msg"}
{"payload":{"local_timestamp":1677290523546,"metric":{"epoch":null,"metricName":"sys.cpu.percent.04","metricValue":0.1,"step":null}},"type":"metric_msg"}
{"payload":{"local_timestamp":1677290523547,"metric":{"epoch":null,"metricName":"sys.cpu.percent.05","metricValue":14.4,"step":null}},"type":"metric_msg"}
{"payload":{"local_timestamp":1677290523547,"metric":{"epoch":null,"metricName":"sys.cpu.percent.06","metricValue":0.2,"step":null}},"type":"metric_msg"}
{"payload":{"local_timestamp":1677290523547,"metric":{"epoch":null,"metricName":"sys.cpu.percent.07","metricValue":9.2,"step":null}},"type":"metric_msg"}
{"payload":{"local_timestamp":1677290523547,"metric":{"epoch":null,"metricName":"sys.cpu.percent.08","metricValue":0.0,"step":null}},"type":"metric_msg"}
{"payload":{"local_timestamp":1677290523547,"metric":{"epoch":null,"metricName":"sys.cpu.percent.09","metricValue":5.7,"step":null}},"type":"metric_msg"}
{"payload":{"local_timestamp":1677290523547,"metric":{"epoch":null,"metricName":"sys.cpu.percent.10","metricValue":0.2,"step":null}},"type":"metric_msg"}
{"payload":{"local_timestamp":1677290523548,"metric":{"epoch":null,"metricName":"sys.cpu.percent.11","metricValue":4.3,"step":null}},"type":"metric_msg"}
{"payload":{"local_timestamp":1677290523548,"metric":{"epoch":null,"metricName":"sys.cpu.percent.12","metricValue":0.1,"step":null}},"type":"metric_msg"}
{"payload":{"local_timestamp":1677290523548,"metric":{"epoch":null,"metricName":"sys.cpu.percent.13","metricValue":4.2,"step":null}},"type":"metric_msg"}
{"payload":{"local_timestamp":1677290523548,"metric":{"epoch":null,"metricName":"sys.cpu.percent.14","metricValue":0.2,"step":null}},"type":"metric_msg"}
{"payload":{"local_timestamp":1677290523548,"metric":{"epoch":null,"metricName":"sys.cpu.percent.15","metricValue":1.9,"step":null}},"type":"metric_msg"}
{"payload":{"local_timestamp":1677290523548,"metric":{"epoch":null,"metricName":"sys.cpu.percent.16","metricValue":0.2,"step":null}},"type":"metric_msg"}
{"payload":{"local_timestamp":1677290523548,"metric":{"epoch":null,"metricName":"sys.load.avg","metricValue":1.7470703125,"step":null}},"type":"metric_msg"}
{"payload":{"local_timestamp":1677290523548,"metric":{"epoch":null,"metricName":"sys.ram.total","metricValue":17179869184,"step":null}},"type":"metric_msg"}
{"payload":{"local_timestamp":1677290523548,"metric":{"epoch":null,"metricName":"sys.ram.used","metricValue":8613265408,"step":null}},"type":"metric_msg"}
{"payload":{"local_timestamp":1677290523548,"stderr":true,"stdout":"COMET ERROR: Failed to set run cmd args\n"},"type":"ws_msg"}
{"payload":{"local_timestamp":1677290523549,"log_other":{"key":"offline_experiment","val":true}},"type":"ws_msg"}
{"payload":{"additional_params":{"assetId":"e234078c4d16462f8cb16b5a6939244a","context":null,"extension":"yaml","fileName":"xiaohe_finder.yaml","overwrite":false,"runId":null,"step":null},"clean":true,"file_path":"tmpx7f2w9q3","local_timestamp":1677290523560,"metadata":{"type":"data-config-file"},"upload_type":"asset"},"type":"file_upload"}
{"payload":{"local_timestamp":1677290523565,"log_other":{"key":"Created from","val":"YOLOv5"}},"type":"ws_msg"}
{"payload":{"local_timestamp":1677290523565,"param":{"paramName":"artifact_alias","paramValue":"latest","source":"manual","step":null}},"type":"parameter_msg"}
{"payload":{"local_timestamp":1677290523565,"param":{"paramName":"batch_size","paramValue":16,"source":"manual","step":null}},"type":"parameter_msg"}
{"payload":{"local_timestamp":1677290523565,"param":{"paramName":"bbox_interval","paramValue":-1,"source":"manual","step":null}},"type":"parameter_msg"}
{"payload":{"local_timestamp":1677290523565,"param":{"paramName":"bucket","paramValue":"","source":"manual","step":null}},"type":"parameter_msg"}
{"payload":{"local_timestamp":1677290523566,"param":{"paramName":"cache","paramValue":null,"source":"manual","step":null}},"type":"parameter_msg"}
{"payload":{"local_timestamp":1677290523566,"param":{"paramName":"cfg","paramValue":"/Users/chenggangma/Desktop/porgram/yolo/yolov5/models/yolov5s.yaml","source":"manual","step":null}},"type":"parameter_msg"}
{"payload":{"local_timestamp":1677290523566,"param":{"paramName":"cos_lr","paramValue":false,"source":"manual","step":null}},"type":"parameter_msg"}
{"payload":{"local_timestamp":1677290523566,"param":{"paramName":"data","paramValue":"/Users/chenggangma/Desktop/porgram/yolo/yolov5/data/xiaohe_finder.yaml","source":"manual","step":null}},"type":"parameter_msg"}
{"payload":{"local_timestamp":1677290523566,"param":{"paramName":"device","paramValue":"","source":"manual","step":null}},"type":"parameter_msg"}
{"payload":{"local_timestamp":1677290523566,"param":{"paramName":"entity","paramValue":null,"source":"manual","step":null}},"type":"parameter_msg"}
{"payload":{"local_timestamp":1677290523566,"param":{"paramName":"epochs","paramValue":100,"source":"manual","step":null}},"type":"parameter_msg"}
{"payload":{"local_timestamp":1677290523566,"param":{"paramName":"evolve","paramValue":null,"source":"manual","step":null}},"type":"parameter_msg"}
{"payload":{"local_timestamp":1677290523566,"param":{"paramName":"exist_ok","paramValue":false,"source":"manual","step":null}},"type":"parameter_msg"}
{"payload":{"local_timestamp":1677290523566,"params":{"paramName":"freeze","paramValue":[0],"source":"manual","step":null}},"type":"parameter_msg"}
{"payload":{"local_timestamp":1677290523566,"param":{"paramName":"hyp","paramValue":"{\"anchor_t\": 4.0, \"box\": 0.05, \"cls\": 0.5, \"cls_pw\": 1.0, \"copy_paste\": 0.0, \"degrees\": 0.0, \"fl_gamma\": 0.0, \"fliplr\": 0.5, \"flipud\": 0.0, \"hsv_h\": 0.015, \"hsv_s\": 0.7, \"hsv_v\": 0.4, \"iou_t\": 0.2, \"lr0\": 0.01, \"lrf\": 0.01, \"mixup\": 0.0, \"momentum\": 0.937, \"mosaic\": 1.0, \"obj\": 1.0, \"obj_pw\": 1.0, \"perspective\": 0.0, \"scale\": 0.5, \"shear\": 0.0, \"translate\": 0.1, \"warmup_bias_lr\": 0.1, \"warmup_epochs\": 3.0, \"warmup_momentum\": 0.8, \"weight_decay\": 0.0005}","source":"manual","step":null}},"type":"parameter_msg"}
{"payload":{"local_timestamp":1677290523566,"param":{"paramName":"image_weights","paramValue":false,"source":"manual","step":null}},"type":"parameter_msg"}
{"payload":{"local_timestamp":1677290523566,"param":{"paramName":"imgsz","paramValue":640,"source":"manual","step":null}},"type":"parameter_msg"}
{"payload":{"local_timestamp":1677290523566,"param":{"paramName":"label_smoothing","paramValue":0.0,"source":"manual","step":null}},"type":"parameter_msg"}
{"payload":{"local_timestamp":1677290523566,"param":{"paramName":"local_rank","paramValue":-1,"source":"manual","step":null}},"type":"parameter_msg"}
{"payload":{"local_timestamp":1677290523566,"param":{"paramName":"multi_scale","paramValue":false,"source":"manual","step":null}},"type":"parameter_msg"}
{"payload":{"local_timestamp":1677290523566,"param":{"paramName":"name","paramValue":"hei_test","source":"manual","step":null}},"type":"parameter_msg"}
{"payload":{"local_timestamp":1677290523566,"param":{"paramName":"noautoanchor","paramValue":false,"source":"manual","step":null}},"type":"parameter_msg"}
{"payload":{"local_timestamp":1677290523566,"param":{"paramName":"noplots","paramValue":false,"source":"manual","step":null}},"type":"parameter_msg"}
{"payload":{"local_timestamp":1677290523566,"param":{"paramName":"nosave","paramValue":false,"source":"manual","step":null}},"type":"parameter_msg"}
{"payload":{"local_timestamp":1677290523566,"param":{"paramName":"noval","paramValue":false,"source":"manual","step":null}},"type":"parameter_msg"}
{"payload":{"local_timestamp":1677290523566,"param":{"paramName":"optimizer","paramValue":"SGD","source":"manual","step":null}},"type":"parameter_msg"}
{"payload":{"local_timestamp":1677290523566,"param":{"paramName":"patience","paramValue":100,"source":"manual","step":null}},"type":"parameter_msg"}
{"payload":{"local_timestamp":1677290523566,"param":{"paramName":"project","paramValue":"runs/train","source":"manual","step":null}},"type":"parameter_msg"}
{"payload":{"local_timestamp":1677290523566,"param":{"paramName":"quad","paramValue":false,"source":"manual","step":null}},"type":"parameter_msg"}
{"payload":{"local_timestamp":1677290523566,"param":{"paramName":"rect","paramValue":false,"source":"manual","step":null}},"type":"parameter_msg"}
{"payload":{"local_timestamp":1677290523567,"param":{"paramName":"resume","paramValue":false,"source":"manual","step":null}},"type":"parameter_msg"}
{"payload":{"local_timestamp":1677290523567,"param":{"paramName":"save_dir","paramValue":"runs/train/hei_test","source":"manual","step":null}},"type":"parameter_msg"}
{"payload":{"local_timestamp":1677290523567,"param":{"paramName":"save_period","paramValue":-1,"source":"manual","step":null}},"type":"parameter_msg"}
{"payload":{"local_timestamp":1677290523567,"param":{"paramName":"seed","paramValue":0,"source":"manual","step":null}},"type":"parameter_msg"}
{"payload":{"local_timestamp":1677290523567,"param":{"paramName":"single_cls","paramValue":false,"source":"manual","step":null}},"type":"parameter_msg"}
{"payload":{"local_timestamp":1677290523567,"param":{"paramName":"sync_bn","paramValue":false,"source":"manual","step":null}},"type":"parameter_msg"}
{"payload":{"local_timestamp":1677290523567,"param":{"paramName":"upload_dataset","paramValue":false,"source":"manual","step":null}},"type":"parameter_msg"}
{"payload":{"local_timestamp":1677290523567,"param":{"paramName":"weights","paramValue":"","source":"manual","step":null}},"type":"parameter_msg"}
{"payload":{"local_timestamp":1677290523567,"param":{"paramName":"workers","paramValue":8,"source":"manual","step":null}},"type":"parameter_msg"}
{"payload":{"local_timestamp":1677290523567,"param":{"paramName":"anchor_t","paramValue":4.0,"source":"manual","step":null}},"type":"parameter_msg"}
{"payload":{"local_timestamp":1677290523567,"param":{"paramName":"box","paramValue":0.05,"source":"manual","step":null}},"type":"parameter_msg"}
{"payload":{"local_timestamp":1677290523567,"param":{"paramName":"cls","paramValue":0.5,"source":"manual","step":null}},"type":"parameter_msg"}
{"payload":{"local_timestamp":1677290523567,"param":{"paramName":"cls_pw","paramValue":1.0,"source":"manual","step":null}},"type":"parameter_msg"}
{"payload":{"local_timestamp":1677290523567,"param":{"paramName":"copy_paste","paramValue":0.0,"source":"manual","step":null}},"type":"parameter_msg"}
{"payload":{"local_timestamp":1677290523567,"param":{"paramName":"degrees","paramValue":0.0,"source":"manual","step":null}},"type":"parameter_msg"}
{"payload":{"local_timestamp":1677290523567,"param":{"paramName":"fl_gamma","paramValue":0.0,"source":"manual","step":null}},"type":"parameter_msg"}
{"payload":{"local_timestamp":1677290523567,"param":{"paramName":"fliplr","paramValue":0.5,"source":"manual","step":null}},"type":"parameter_msg"}
{"payload":{"local_timestamp":1677290523567,"param":{"paramName":"flipud","paramValue":0.0,"source":"manual","step":null}},"type":"parameter_msg"}
{"payload":{"local_timestamp":1677290523567,"param":{"paramName":"hsv_h","paramValue":0.015,"source":"manual","step":null}},"type":"parameter_msg"}
{"payload":{"local_timestamp":1677290523567,"param":{"paramName":"hsv_s","paramValue":0.7,"source":"manual","step":null}},"type":"parameter_msg"}
{"payload":{"local_timestamp":1677290523567,"param":{"paramName":"hsv_v","paramValue":0.4,"source":"manual","step":null}},"type":"parameter_msg"}
{"payload":{"local_timestamp":1677290523567,"param":{"paramName":"iou_t","paramValue":0.2,"source":"manual","step":null}},"type":"parameter_msg"}
{"payload":{"local_timestamp":1677290523567,"param":{"paramName":"lr0","paramValue":0.01,"source":"manual","step":null}},"type":"parameter_msg"}
{"payload":{"local_timestamp":1677290523567,"param":{"paramName":"lrf","paramValue":0.01,"source":"manual","step":null}},"type":"parameter_msg"}
{"payload":{"local_timestamp":1677290523567,"param":{"paramName":"mixup","paramValue":0.0,"source":"manual","step":null}},"type":"parameter_msg"}
{"payload":{"local_timestamp":1677290523567,"param":{"paramName":"momentum","paramValue":0.937,"source":"manual","step":null}},"type":"parameter_msg"}
{"payload":{"local_timestamp":1677290523567,"param":{"paramName":"mosaic","paramValue":1.0,"source":"manual","step":null}},"type":"parameter_msg"}
{"payload":{"local_timestamp":1677290523567,"param":{"paramName":"obj","paramValue":1.0,"source":"manual","step":null}},"type":"parameter_msg"}
{"payload":{"local_timestamp":1677290523567,"param":{"paramName":"obj_pw","paramValue":1.0,"source":"manual","step":null}},"type":"parameter_msg"}
{"payload":{"local_timestamp":1677290523567,"param":{"paramName":"perspective","paramValue":0.0,"source":"manual","step":null}},"type":"parameter_msg"}
{"payload":{"local_timestamp":1677290523567,"param":{"paramName":"scale","paramValue":0.5,"source":"manual","step":null}},"type":"parameter_msg"}
{"payload":{"local_timestamp":1677290523567,"param":{"paramName":"shear","paramValue":0.0,"source":"manual","step":null}},"type":"parameter_msg"}
{"payload":{"local_timestamp":1677290523567,"param":{"paramName":"translate","paramValue":0.1,"source":"manual","step":null}},"type":"parameter_msg"}
{"payload":{"local_timestamp":1677290523567,"param":{"paramName":"warmup_bias_lr","paramValue":0.1,"source":"manual","step":null}},"type":"parameter_msg"}
{"payload":{"local_timestamp":1677290523567,"param":{"paramName":"warmup_epochs","paramValue":3.0,"source":"manual","step":null}},"type":"parameter_msg"}
{"payload":{"local_timestamp":1677290523567,"param":{"paramName":"warmup_momentum","paramValue":0.8,"source":"manual","step":null}},"type":"parameter_msg"}
{"payload":{"local_timestamp":1677290523567,"param":{"paramName":"weight_decay","paramValue":0.0005,"source":"manual","step":null}},"type":"parameter_msg"}
{"payload":{"additional_params":{"assetId":"344195515e4b4a98be9a43f1a005e2ff","context":null,"epoch":null,"extension":"json","fileName":"hyperparameters.json","overwrite":false,"runId":null,"step":null},"clean":true,"file_path":"tmpligwnxjn","local_timestamp":1677290523572,"metadata":{"type":"hyp-config-file"},"upload_type":"asset"},"type":"file_upload"}
{"payload":{"additional_params":{"assetId":"3c220ac9fff44478bcb99fb79ac256df","context":null,"extension":"yaml","fileName":"opt.yaml","overwrite":false,"runId":null,"step":null},"clean":true,"file_path":"tmpkl5cdnw0","local_timestamp":1677290523570,"metadata":{"type":"opt-config-file"},"upload_type":"asset"},"type":"file_upload"}
{"payload":{"local_timestamp":1677290523570,"param":{"paramName":"val_conf_threshold","paramValue":0.001,"source":"manual","step":null}},"type":"parameter_msg"}
{"payload":{"local_timestamp":1677290523570,"param":{"paramName":"val_iou_threshold","paramValue":0.6,"source":"manual","step":null}},"type":"parameter_msg"}
{"payload":{"local_timestamp":1677290523570,"log_other":{"key":"comet_mode","val":"online"}},"type":"ws_msg"}
{"payload":{"local_timestamp":1677290523570,"log_other":{"key":"comet_max_image_uploads","val":100}},"type":"ws_msg"}
{"payload":{"local_timestamp":1677290523570,"log_other":{"key":"comet_log_per_class_metrics","val":false}},"type":"ws_msg"}
{"payload":{"local_timestamp":1677290523570,"log_other":{"key":"comet_log_batch_metrics","val":false}},"type":"ws_msg"}
{"payload":{"local_timestamp":1677290523570,"log_other":{"key":"comet_log_confusion_matrix","val":true}},"type":"ws_msg"}
{"payload":{"local_timestamp":1677290523570,"log_other":{"key":"comet_model_name","val":"yolov5"}},"type":"ws_msg"}
{"payload":{"local_timestamp":1677290523585,"stderr":true,"stdout":"Overriding model.yaml nc=80 with nc=3\n"},"type":"ws_msg"}
{"payload":{"local_timestamp":1677290523585,"stderr":true,"stdout":"\n                 from  n    params  module                                  arguments                     \n"},"type":"ws_msg"}
{"payload":{"local_timestamp":1677290523588,"stderr":true,"stdout":"  0                -1  1      3520  models.common.Conv                      [3, 32, 6, 2, 2]              \n"},"type":"ws_msg"}
{"payload":{"local_timestamp":1677290523588,"stderr":true,"stdout":"  1                -1  1     18560  models.common.Conv                      [32, 64, 3, 2]                \n"},"type":"ws_msg"}
{"payload":{"local_timestamp":1677290523590,"stderr":true,"stdout":"  2                -1  1     18816  models.common.C3                        [64, 64, 1]                   \n"},"type":"ws_msg"}
{"payload":{"local_timestamp":1677290523591,"stderr":true,"stdout":"  3                -1  1     73984  models.common.Conv                      [64, 128, 3, 2]               \n"},"type":"ws_msg"}
{"payload":{"local_timestamp":1677290523593,"stderr":true,"stdout":"  4                -1  2    115712  models.common.C3                        [128, 128, 2]                 \n"},"type":"ws_msg"}
{"payload":{"local_timestamp":1677290523595,"stderr":true,"stdout":"  5                -1  1    295424  models.common.Conv                      [128, 256, 3, 2]              \n"},"type":"ws_msg"}
{"payload":{"local_timestamp":1677290523600,"stderr":true,"stdout":"  6                -1  3    625152  models.common.C3                        [256, 256, 3]                 \n"},"type":"ws_msg"}
{"payload":{"local_timestamp":1677290523607,"stderr":true,"stdout":"  7                -1  1   1180672  models.common.Conv                      [256, 512, 3, 2]              \n"},"type":"ws_msg"}
{"payload":{"local_timestamp":1677290523614,"stderr":true,"stdout":"  8                -1  1   1182720  models.common.C3                        [512, 512, 1]                 \n"},"type":"ws_msg"}
{"payload":{"local_timestamp":1677290523619,"stderr":true,"stdout":"  9                -1  1    656896  models.common.SPPF                      [512, 512, 5]                 \n"},"type":"ws_msg"}
{"payload":{"local_timestamp":1677290523620,"stderr":true,"stdout":" 10                -1  1    131584  models.common.Conv                      [512, 256, 1, 1]              \n"},"type":"ws_msg"}
{"payload":{"local_timestamp":1677290523620,"stderr":true,"stdout":" 11                -1  1         0  torch.nn.modules.upsampling.Upsample    [None, 2, 'nearest']          \n"},"type":"ws_msg"}
{"payload":{"local_timestamp":1677290523620,"stderr":true,"stdout":" 12           [-1, 6]  1         0  models.common.Concat                    [1]                           \n"},"type":"ws_msg"}
{"payload":{"local_timestamp":1677290523623,"stderr":true,"stdout":" 13                -1  1    361984  models.common.C3                        [512, 256, 1, False]          \n"},"type":"ws_msg"}
{"payload":{"local_timestamp":1677290523624,"stderr":true,"stdout":" 14                -1  1     33024  models.common.Conv                      [256, 128, 1, 1]              \n"},"type":"ws_msg"}
{"payload":{"local_timestamp":1677290523624,"stderr":true,"stdout":" 15                -1  1         0  torch.nn.modules.upsampling.Upsample    [None, 2, 'nearest']          \n"},"type":"ws_msg"}
{"payload":{"local_timestamp":1677290523625,"stderr":true,"stdout":" 16           [-1, 4]  1         0  models.common.Concat                    [1]                           \n"},"type":"ws_msg"}
{"payload":{"local_timestamp":1677290523626,"stderr":true,"stdout":" 17                -1  1     90880  models.common.C3                        [256, 128, 1, False]          \n"},"type":"ws_msg"}
{"payload":{"local_timestamp":1677290523628,"stderr":true,"stdout":" 18                -1  1    147712  models.common.Conv                      [128, 128, 3, 2]              \n"},"type":"ws_msg"}
{"payload":{"local_timestamp":1677290523628,"stderr":true,"stdout":" 19          [-1, 14]  1         0  models.common.Concat                    [1]                           \n"},"type":"ws_msg"}
{"payload":{"local_timestamp":1677290523632,"stderr":true,"stdout":" 20                -1  1    296448  models.common.C3                        [256, 256, 1, False]          \n"},"type":"ws_msg"}
{"payload":{"local_timestamp":1677290523636,"stderr":true,"stdout":" 21                -1  1    590336  models.common.Conv                      [256, 256, 3, 2]              \n"},"type":"ws_msg"}
{"payload":{"local_timestamp":1677290523636,"stderr":true,"stdout":" 22          [-1, 10]  1         0  models.common.Concat                    [1]                           \n"},"type":"ws_msg"}
{"payload":{"local_timestamp":1677290523643,"stderr":true,"stdout":" 23                -1  1   1182720  models.common.C3                        [512, 512, 1, False]          \n"},"type":"ws_msg"}
{"payload":{"local_timestamp":1677290523645,"stderr":true,"stdout":" 24      [17, 20, 23]  1     21576  models.yolo.Detect                      [3, [[10, 13, 16, 30, 33, 23], [30, 61, 62, 45, 59, 119], [116, 90, 156, 198, 373, 326]], [128, 256, 512]]\n"},"type":"ws_msg"}
{"payload":{"local_timestamp":1677290523768,"stderr":true,"stdout":"YOLOv5s summary: 214 layers, 7027720 parameters, 7027720 gradients, 16.0 GFLOPs\n"},"type":"ws_msg"}
{"payload":{"local_timestamp":1677290523768,"stderr":true,"stdout":"\n"},"type":"ws_msg"}
{"payload":{"local_timestamp":1677290523772,"stderr":true,"stdout":"\u001b[34m\u001b[1moptimizer:\u001b[0m SGD(lr=0.01) with parameter groups 57 weight(decay=0.0), 60 weight(decay=0.0005), 60 bias\n"},"type":"ws_msg"}
{"payload":{"local_timestamp":1677290523827,"stderr":true,"stdout":"\r\u001b[34m\u001b[1mtrain: \u001b[0mScanning /Users/chenggangma/Desktop/porgram/yolo/datasets/xiaohe_finder/t\u001b[0m"},"type":"ws_msg"}
{"payload":{"local_timestamp":1677290523830,"stderr":true,"stdout":"\r\u001b[34m\u001b[1mtrain: \u001b[0mScanning /Users/chenggangma/Desktop/porgram/yolo/datasets/xiaohe_finder/t\u001b[0m"},"type":"ws_msg"}
{"payload":{"local_timestamp":1677290523830,"stderr":true,"stdout":"\n"},"type":"ws_msg"}
{"payload":{"local_timestamp":1677290524315,"stderr":true,"stdout":"\r\u001b[34m\u001b[1mval: \u001b[0mScanning /Users/chenggangma/Desktop/porgram/yolo/datasets/xiaohe_finder/val\u001b[0m"},"type":"ws_msg"}
{"payload":{"local_timestamp":1677290524317,"stderr":true,"stdout":"\r\u001b[34m\u001b[1mval: \u001b[0mScanning /Users/chenggangma/Desktop/porgram/yolo/datasets/xiaohe_finder/val\u001b[0m"},"type":"ws_msg"}
{"payload":{"local_timestamp":1677290524317,"stderr":true,"stdout":"\n"},"type":"ws_msg"}
{"payload":{"local_timestamp":1677290524582,"stderr":true,"stdout":"\n\u001b[34m\u001b[1mAutoAnchor: \u001b[0m4.48 anchors/target, 1.000 Best Possible Recall (BPR). Current anchors are a good fit to dataset \u2705\n"},"type":"ws_msg"}
{"payload":{"local_timestamp":1677290525543,"stderr":true,"stdout":"Plotting labels to runs/train/hei_test/labels.jpg... \n"},"type":"ws_msg"}
{"payload":{"additional_params":{"assetId":"76de15de3e6e4d73ae20d06e28e70282","context":null,"epoch":null,"extension":"yml","fileName":"conda-environment.yml","overwrite":false,"runId":null,"step":null,"type":"conda-environment-definition"},"clean":true,"file_path":"tmpugf5x20b","local_timestamp":1677290528240,"metadata":{},"upload_type":"conda-environment-definition"},"type":"file_upload"}
{"payload":{"additional_params":{"assetId":"5dc84a3644a948e09ff7b64b068d94e5","context":null,"epoch":null,"extension":"txt","fileName":"conda-spec.txt","overwrite":false,"runId":null,"step":null,"type":"conda-specification"},"clean":true,"file_path":"tmprxdntqw_","local_timestamp":1677290531944,"metadata":{},"upload_type":"conda-specification"},"type":"file_upload"}
{"payload":{"additional_params":{"assetId":"475892d0080c427ead4270e84a07029c","context":null,"epoch":null,"extension":"yml","fileName":"conda-info.yml","overwrite":false,"runId":null,"step":null,"type":"conda-info"},"clean":true,"file_path":"tmpnfa475qk","local_timestamp":1677290533309,"metadata":{},"upload_type":"conda-info"},"type":"file_upload"}
{"payload":{"additional_params":{"assetId":"0e3fbc5952aa4ec6ade7fa4dea6953db","context":null,"extension":"jpg","fileName":"labels_correlogram.jpg","overwrite":false,"runId":null,"step":null},"clean":true,"file_path":"tmpp6lmcktt","local_timestamp":1677290533727,"metadata":{},"upload_type":"asset"},"type":"file_upload"}
{"payload":{"additional_params":{"assetId":"3dc0287f1aa1477bbb06ca78ab1d22ef","context":null,"extension":"jpg","fileName":"labels.jpg","overwrite":false,"runId":null,"step":null},"clean":true,"file_path":"tmp0r8jjvtj","local_timestamp":1677290533730,"metadata":{},"upload_type":"asset"},"type":"file_upload"}
{"payload":{"local_timestamp":1677290533732,"param":{"paramName":"cls","paramValue":0.01875,"source":"manual","step":null}},"type":"parameter_msg"}
{"payload":{"local_timestamp":1677290533733,"stderr":true,"stdout":"Image sizes 640 train, 640 val\nUsing 8 dataloader workers\nLogging results to \u001b[1mruns/train/hei_test\u001b[0m\nStarting training for 100 epochs...\n"},"type":"ws_msg"}
{"payload":{"local_timestamp":1677290533736,"stderr":true,"stdout":"\n      Epoch    GPU_mem   box_loss   obj_loss   cls_loss  Instances       Size\n"},"type":"ws_msg"}
{"payload":{"local_timestamp":1677290533736,"stderr":true,"stdout":"\r  0%|          | 0/10 [00:00<?, ?it/s]"},"type":"ws_msg"}
{"payload":{"local_timestamp":1677290550584,"stderr":true,"stdout":"\r       0/99         0G     0.1106    0.02512    0.03777         20        640:  "},"type":"ws_msg"}
{"payload":{"local_timestamp":1677290552526,"stderr":true,"stdout":"\r       0/99         0G     0.1106    0.02512    0.03777         20        640:  "},"type":"ws_msg"}
{"payload":{"local_timestamp":1677290559569,"stderr":true,"stdout":"\r       0/99         0G      0.114    0.02564    0.04201         27        640:  "},"type":"ws_msg"}
{"payload":{"local_timestamp":1677290559572,"stderr":true,"stdout":"\r       0/99         0G      0.114    0.02564    0.04201         27        640:  "},"type":"ws_msg"}
{"payload":{"local_timestamp":1677290566365,"stderr":true,"stdout":"\r       0/99         0G     0.1151    0.02453    0.04516         12        640:  "},"type":"ws_msg"}
{"payload":{"local_timestamp":1677290566366,"stderr":true,"stdout":"\r       0/99         0G     0.1151    0.02453    0.04516         12        640:  "},"type":"ws_msg"}
{"payload":{"local_timestamp":1677290572988,"stderr":true,"stdout":"\r       0/99         0G      0.115    0.02456    0.04358         20        640:  "},"type":"ws_msg"}
{"payload":{"local_timestamp":1677290572988,"stderr":true,"stdout":"\r       0/99         0G      0.115    0.02456    0.04358         20        640:  "},"type":"ws_msg"}
{"payload":{"local_timestamp":1677290579648,"stderr":true,"stdout":"\r       0/99         0G     0.1148    0.02497    0.04273         25        640:  "},"type":"ws_msg"}
{"payload":{"local_timestamp":1677290579649,"stderr":true,"stdout":"\r       0/99         0G     0.1148    0.02497    0.04273         25        640:  "},"type":"ws_msg"}
{"payload":{"local_timestamp":1677290583783,"metric":{"epoch":null,"metricName":"sys.cpu.percent.avg","metricValue":62.787499999999994,"step":4}},"type":"metric_msg"}
{"payload":{"local_timestamp":1677290583784,"metric":{"epoch":null,"metricName":"sys.cpu.percent.01","metricValue":95.2,"step":4}},"type":"metric_msg"}
{"payload":{"local_timestamp":1677290583784,"metric":{"epoch":null,"metricName":"sys.cpu.percent.02","metricValue":33.5,"step":4}},"type":"metric_msg"}
{"payload":{"local_timestamp":1677290583784,"metric":{"epoch":null,"metricName":"sys.cpu.percent.03","metricValue":95.0,"step":4}},"type":"metric_msg"}
{"payload":{"local_timestamp":1677290583784,"metric":{"epoch":null,"metricName":"sys.cpu.percent.04","metricValue":31.8,"step":4}},"type":"metric_msg"}
{"payload":{"local_timestamp":1677290583784,"metric":{"epoch":null,"metricName":"sys.cpu.percent.05","metricValue":95.0,"step":4}},"type":"metric_msg"}
{"payload":{"local_timestamp":1677290583784,"metric":{"epoch":null,"metricName":"sys.cpu.percent.06","metricValue":30.9,"step":4}},"type":"metric_msg"}
{"payload":{"local_timestamp":1677290583784,"metric":{"epoch":null,"metricName":"sys.cpu.percent.07","metricValue":95.0,"step":4}},"type":"metric_msg"}
{"payload":{"local_timestamp":1677290583784,"metric":{"epoch":null,"metricName":"sys.cpu.percent.08","metricValue":31.3,"step":4}},"type":"metric_msg"}
{"payload":{"local_timestamp":1677290583784,"metric":{"epoch":null,"metricName":"sys.cpu.percent.09","metricValue":94.6,"step":4}},"type":"metric_msg"}
{"payload":{"local_timestamp":1677290583784,"metric":{"epoch":null,"metricName":"sys.cpu.percent.10","metricValue":30.4,"step":4}},"type":"metric_msg"}
{"payload":{"local_timestamp":1677290583784,"metric":{"epoch":null,"metricName":"sys.cpu.percent.11","metricValue":94.4,"step":4}},"type":"metric_msg"}
{"payload":{"local_timestamp":1677290583784,"metric":{"epoch":null,"metricName":"sys.cpu.percent.12","metricValue":30.2,"step":4}},"type":"metric_msg"}
{"payload":{"local_timestamp":1677290583785,"metric":{"epoch":null,"metricName":"sys.cpu.percent.13","metricValue":94.1,"step":4}},"type":"metric_msg"}
{"payload":{"local_timestamp":1677290583785,"metric":{"epoch":null,"metricName":"sys.cpu.percent.14","metricValue":29.5,"step":4}},"type":"metric_msg"}
{"payload":{"local_timestamp":1677290583785,"metric":{"epoch":null,"metricName":"sys.cpu.percent.15","metricValue":93.8,"step":4}},"type":"metric_msg"}
{"payload":{"local_timestamp":1677290583785,"metric":{"epoch":null,"metricName":"sys.cpu.percent.16","metricValue":29.9,"step":4}},"type":"metric_msg"}
{"payload":{"local_timestamp":1677290583785,"metric":{"epoch":null,"metricName":"sys.load.avg","metricValue":9.12939453125,"step":4}},"type":"metric_msg"}
{"payload":{"local_timestamp":1677290583785,"metric":{"epoch":null,"metricName":"sys.ram.total","metricValue":17179869184,"step":4}},"type":"metric_msg"}
{"payload":{"local_timestamp":1677290583785,"metric":{"epoch":null,"metricName":"sys.ram.used","metricValue":8292855808,"step":4}},"type":"metric_msg"}
{"payload":{"local_timestamp":1677290586359,"stderr":true,"stdout":"\r       0/99         0G     0.1145    0.02542     0.0425         29        640:  "},"type":"ws_msg"}
{"payload":{"local_timestamp":1677290586359,"stderr":true,"stdout":"\r       0/99         0G     0.1145    0.02542     0.0425         29        640:  "},"type":"ws_msg"}
{"payload":{"local_timestamp":1677290593159,"stderr":true,"stdout":"\r       0/99         0G     0.1153    0.02542    0.04263         23        640:  "},"type":"ws_msg"}
{"payload":{"local_timestamp":1677290593160,"stderr":true,"stdout":"\r       0/99         0G     0.1153    0.02542    0.04263         23        640:  "},"type":"ws_msg"}
{"payload":{"local_timestamp":1677290600072,"stderr":true,"stdout":"\r       0/99         0G      0.115    0.02539    0.04218         23        640:  "},"type":"ws_msg"}
{"payload":{"local_timestamp":1677290600072,"stderr":true,"stdout":"\r       0/99         0G      0.115    0.02539    0.04218         23        640:  "},"type":"ws_msg"}
{"payload":{"local_timestamp":1677290607238,"stderr":true,"stdout":"\r       0/99         0G     0.1146    0.02514    0.04207         14        640:  "},"type":"ws_msg"}
{"payload":{"local_timestamp":1677290607239,"stderr":true,"stdout":"\r       0/99         0G     0.1146    0.02514    0.04207         14        640:  "},"type":"ws_msg"}
{"payload":{"local_timestamp":1677290613767,"stderr":true,"stdout":"\r       0/99         0G     0.1142    0.02528    0.04169         23        640:  "},"type":"ws_msg"}
{"payload":{"local_timestamp":1677290613767,"stderr":true,"stdout":"\r       0/99         0G     0.1142    0.02528    0.04169         23        640: 1"},"type":"ws_msg"}
{"payload":{"local_timestamp":1677290613770,"stderr":true,"stdout":"\r       0/99         0G     0.1142    0.02528    0.04169         23        640: 1"},"type":"ws_msg"}
{"payload":{"local_timestamp":1677290613771,"stderr":true,"stdout":"\n"},"type":"ws_msg"}
{"payload":{"local_timestamp":1677290613795,"stderr":true,"stdout":"\r                 Class     Images  Instances          P          R      mAP50   "},"type":"ws_msg"}
{"payload":{"local_timestamp":1677290620835,"stderr":true,"stdout":"WARNING \u26a0\ufe0f NMS time limit 2.100s exceeded\n"},"type":"ws_msg"}
{"payload":{"local_timestamp":1677290620859,"stderr":true,"stdout":"\r                 Class     Images  Instances          P          R      mAP50   "},"type":"ws_msg"}
{"payload":{"local_timestamp":1677290624324,"stderr":true,"stdout":"WARNING \u26a0\ufe0f NMS time limit 1.150s exceeded\n"},"type":"ws_msg"}
{"payload":{"local_timestamp":1677290624328,"stderr":true,"stdout":"\r                 Class     Images  Instances          P          R      mAP50   "},"type":"ws_msg"}
{"payload":{"local_timestamp":1677290624328,"stderr":true,"stdout":"\r                 Class     Images  Instances          P          R      mAP50   "},"type":"ws_msg"}
{"payload":{"local_timestamp":1677290624329,"stderr":true,"stdout":"\n"},"type":"ws_msg"}
{"payload":{"local_timestamp":1677290624341,"stderr":true,"stdout":"                   all         45         38   8.55e-05     0.0159   4.67e-05   9.24e-06\n"},"type":"ws_msg"}
{"payload":{"local_timestamp":1677290624354,"param":{"paramName":"curr_epoch","paramValue":0,"source":"auto-logged","step":9}},"type":"parameter_msg"}
{"payload":{"local_timestamp":1677290624354,"metric":{"epoch":0,"metricName":"metrics/mAP_0.5","metricValue":4.6654830839775435e-05,"step":9}},"type":"metric_msg"}
{"payload":{"local_timestamp":1677290624354,"metric":{"epoch":0,"metricName":"metrics/mAP_0.5:0.95","metricValue":9.242130459849975e-06,"step":9}},"type":"metric_msg"}
{"payload":{"local_timestamp":1677290624354,"metric":{"epoch":0,"metricName":"metrics/precision","metricValue":8.547008547008547e-05,"step":9}},"type":"metric_msg"}
{"payload":{"local_timestamp":1677290624354,"metric":{"epoch":0,"metricName":"metrics/recall","metricValue":0.015873015873015872,"step":9}},"type":"metric_msg"}
{"payload":{"local_timestamp":1677290624354,"metric":{"epoch":0,"metricName":"train/box_loss","metricValue":0.11420702934265137,"step":9}},"type":"metric_msg"}
{"payload":{"local_timestamp":1677290624355,"metric":{"epoch":0,"metricName":"train/cls_loss","metricValue":0.04168923199176788,"step":9}},"type":"metric_msg"}
{"payload":{"local_timestamp":1677290624355,"metric":{"epoch":0,"metricName":"train/obj_loss","metricValue":0.025283535942435265,"step":9}},"type":"metric_msg"}
{"payload":{"local_timestamp":1677290624355,"metric":{"epoch":0,"metricName":"val/box_loss","metricValue":0.10921177268028259,"step":9}},"type":"metric_msg"}
{"payload":{"local_timestamp":1677290624355,"metric":{"epoch":0,"metricName":"val/cls_loss","metricValue":0.03714572638273239,"step":9}},"type":"metric_msg"}
{"payload":{"local_timestamp":1677290624355,"metric":{"epoch":0,"metricName":"val/obj_loss","metricValue":0.02151588723063469,"step":9}},"type":"metric_msg"}
{"payload":{"local_timestamp":1677290624355,"metric":{"epoch":0,"metricName":"x/lr0","metricValue":0.09190000000000001,"step":9}},"type":"metric_msg"}
{"payload":{"local_timestamp":1677290624355,"metric":{"epoch":0,"metricName":"x/lr1","metricValue":0.0009000000000000001,"step":9}},"type":"metric_msg"}
{"payload":{"local_timestamp":1677290624355,"metric":{"epoch":0,"metricName":"x/lr2","metricValue":0.0009000000000000001,"step":9}},"type":"metric_msg"}
{"payload":{"local_timestamp":1677290624900,"stderr":true,"stdout":"\n      Epoch    GPU_mem   box_loss   obj_loss   cls_loss  Instances       Size\n"},"type":"ws_msg"}
{"payload":{"local_timestamp":1677290624901,"stderr":true,"stdout":"\r  0%|          | 0/10 [00:00<?, ?it/s]"},"type":"ws_msg"}
{"payload":{"local_timestamp":1677290633803,"stderr":true,"stdout":"\r       1/99         0G     0.1091    0.02464     0.0387         18        640:  "},"type":"ws_msg"}
{"payload":{"local_timestamp":1677290633803,"stderr":true,"stdout":"\r       1/99         0G     0.1091    0.02464     0.0387         18        640:  "},"type":"ws_msg"}
{"payload":{"local_timestamp":1677290640687,"stderr":true,"stdout":"\r       1/99         0G     0.1088    0.02515    0.03888         22        640:  "},"type":"ws_msg"}
{"payload":{"local_timestamp":1677290640688,"stderr":true,"stdout":"\r       1/99         0G     0.1088    0.02515    0.03888         22        640:  "},"type":"ws_msg"}
{"payload":{"local_timestamp":1677290643948,"metric":{"epoch":0,"metricName":"sys.cpu.percent.avg","metricValue":51.65000000000001,"step":11}},"type":"metric_msg"}
{"payload":{"local_timestamp":1677290643948,"metric":{"epoch":0,"metricName":"sys.cpu.percent.01","metricValue":95.0,"step":11}},"type":"metric_msg"}
{"payload":{"local_timestamp":1677290643948,"metric":{"epoch":0,"metricName":"sys.cpu.percent.02","metricValue":10.7,"step":11}},"type":"metric_msg"}
{"payload":{"local_timestamp":1677290643948,"metric":{"epoch":0,"metricName":"sys.cpu.percent.03","metricValue":94.2,"step":11}},"type":"metric_msg"}
{"payload":{"local_timestamp":1677290643948,"metric":{"epoch":0,"metricName":"sys.cpu.percent.04","metricValue":10.1,"step":11}},"type":"metric_msg"}
{"payload":{"local_timestamp":1677290643948,"metric":{"epoch":0,"metricName":"sys.cpu.percent.05","metricValue":94.3,"step":11}},"type":"metric_msg"}
{"payload":{"local_timestamp":1677290643948,"metric":{"epoch":0,"metricName":"sys.cpu.percent.06","metricValue":9.1,"step":11}},"type":"metric_msg"}
{"payload":{"local_timestamp":1677290643948,"metric":{"epoch":0,"metricName":"sys.cpu.percent.07","metricValue":93.9,"step":11}},"type":"metric_msg"}
{"payload":{"local_timestamp":1677290643948,"metric":{"epoch":0,"metricName":"sys.cpu.percent.08","metricValue":10.1,"step":11}},"type":"metric_msg"}
{"payload":{"local_timestamp":1677290643948,"metric":{"epoch":0,"metricName":"sys.cpu.percent.09","metricValue":93.6,"step":11}},"type":"metric_msg"}
{"payload":{"local_timestamp":1677290643948,"metric":{"epoch":0,"metricName":"sys.cpu.percent.10","metricValue":8.6,"step":11}},"type":"metric_msg"}
{"payload":{"local_timestamp":1677290643948,"metric":{"epoch":0,"metricName":"sys.cpu.percent.11","metricValue":93.6,"step":11}},"type":"metric_msg"}
{"payload":{"local_timestamp":1677290643948,"metric":{"epoch":0,"metricName":"sys.cpu.percent.12","metricValue":9.6,"step":11}},"type":"metric_msg"}
{"payload":{"local_timestamp":1677290643948,"metric":{"epoch":0,"metricName":"sys.cpu.percent.13","metricValue":92.7,"step":11}},"type":"metric_msg"}
{"payload":{"local_timestamp":1677290643948,"metric":{"epoch":0,"metricName":"sys.cpu.percent.14","metricValue":8.4,"step":11}},"type":"metric_msg"}
{"payload":{"local_timestamp":1677290643948,"metric":{"epoch":0,"metricName":"sys.cpu.percent.15","metricValue":93.0,"step":11}},"type":"metric_msg"}
{"payload":{"local_timestamp":1677290643948,"metric":{"epoch":0,"metricName":"sys.cpu.percent.16","metricValue":9.5,"step":11}},"type":"metric_msg"}
{"payload":{"local_timestamp":1677290643948,"metric":{"epoch":0,"metricName":"sys.load.avg","metricValue":9.16845703125,"step":11}},"type":"metric_msg"}
{"payload":{"local_timestamp":1677290643948,"metric":{"epoch":0,"metricName":"sys.ram.total","metricValue":17179869184,"step":11}},"type":"metric_msg"}
{"payload":{"local_timestamp":1677290643948,"metric":{"epoch":0,"metricName":"sys.ram.used","metricValue":8987238400,"step":11}},"type":"metric_msg"}
{"payload":{"local_timestamp":1677290647280,"stderr":true,"stdout":"\r       1/99         0G     0.1113    0.02437    0.03947         18        640:  "},"type":"ws_msg"}
{"payload":{"local_timestamp":1677290647281,"stderr":true,"stdout":"\r       1/99         0G     0.1113    0.02437    0.03947         18        640:  "},"type":"ws_msg"}
{"payload":{"local_timestamp":1677290653861,"stderr":true,"stdout":"\r       1/99         0G     0.1118    0.02384    0.03972         14        640:  "},"type":"ws_msg"}
{"payload":{"local_timestamp":1677290653861,"stderr":true,"stdout":"\r       1/99         0G     0.1118    0.02384    0.03972         14        640:  "},"type":"ws_msg"}
{"payload":{"local_timestamp":1677290660424,"stderr":true,"stdout":"\r       1/99         0G     0.1117    0.02425    0.04035         25        640:  "},"type":"ws_msg"}
{"payload":{"local_timestamp":1677290660424,"stderr":true,"stdout":"\r       1/99         0G     0.1117    0.02425    0.04035         25        640:  "},"type":"ws_msg"}
{"payload":{"local_timestamp":1677290666973,"stderr":true,"stdout":"\r       1/99         0G     0.1117    0.02501    0.04055         33        640:  "},"type":"ws_msg"}
{"payload":{"local_timestamp":1677290666973,"stderr":true,"stdout":"\r       1/99         0G     0.1117    0.02501    0.04055         33        640:  "},"type":"ws_msg"}
{"payload":{"local_timestamp":1677290673750,"stderr":true,"stdout":"\r       1/99         0G      0.111    0.02478    0.04069         16        640:  "},"type":"ws_msg"}
{"payload":{"local_timestamp":1677290673750,"stderr":true,"stdout":"\r       1/99         0G      0.111    0.02478    0.04069         16        640:  "},"type":"ws_msg"}
{"payload":{"local_timestamp":1677290675360,"stderr":true,"stdout":"\r       1/99         0G      0.111    0.02478    0.04069         16        640:  "},"type":"ws_msg"}
{"payload":{"local_timestamp":1677290675360,"stderr":true,"stdout":"\n"},"type":"ws_msg"}
{"payload":{"local_timestamp":1677290675386,"stderr":true,"stdout":"Traceback (most recent call last):\n"},"type":"ws_msg"}
{"payload":{"local_timestamp":1677290675387,"stderr":true,"stdout":"  File \"train.py\", line 634, in <module>\n"},"type":"ws_msg"}
{"payload":{"local_timestamp":1677290675395,"stderr":true,"stdout":"    "},"type":"ws_msg"}
{"payload":{"local_timestamp":1677290675396,"stderr":true,"stdout":"main(opt)"},"type":"ws_msg"}
{"payload":{"local_timestamp":1677290675396,"stderr":true,"stdout":"\n"},"type":"ws_msg"}
{"payload":{"local_timestamp":1677290675396,"stderr":true,"stdout":"  File \"train.py\", line 528, in main\n"},"type":"ws_msg"}
{"payload":{"local_timestamp":1677290675396,"stderr":true,"stdout":"    "},"type":"ws_msg"}
{"payload":{"local_timestamp":1677290675396,"stderr":true,"stdout":"train(opt.hyp, opt, device, callbacks)"},"type":"ws_msg"}
{"payload":{"local_timestamp":1677290675397,"stderr":true,"stdout":"\n"},"type":"ws_msg"}
{"payload":{"local_timestamp":1677290675397,"stderr":true,"stdout":"  File \"train.py\", line 309, in train\n"},"type":"ws_msg"}
{"payload":{"local_timestamp":1677290675397,"stderr":true,"stdout":"    "},"type":"ws_msg"}
{"payload":{"local_timestamp":1677290675397,"stderr":true,"stdout":"pred = model(imgs)  # forward"},"type":"ws_msg"}
{"payload":{"local_timestamp":1677290675397,"stderr":true,"stdout":"\n"},"type":"ws_msg"}
{"payload":{"local_timestamp":1677290675398,"stderr":true,"stdout":"  File \"/Users/chenggangma/opt/anaconda3/envs/pytorch/lib/python3.8/site-packages/torch/nn/modules/module.py\", line 1194, in _call_impl\n"},"type":"ws_msg"}
{"payload":{"local_timestamp":1677290675402,"stderr":true,"stdout":"    "},"type":"ws_msg"}
{"payload":{"local_timestamp":1677290675402,"stderr":true,"stdout":"return forward_call(*input, **kwargs)"},"type":"ws_msg"}
{"payload":{"local_timestamp":1677290675402,"stderr":true,"stdout":"\n"},"type":"ws_msg"}
{"payload":{"local_timestamp":1677290675402,"stderr":true,"stdout":"  File \"/Users/chenggangma/Desktop/porgram/yolo/yolov5/models/yolo.py\", line 209, in forward\n"},"type":"ws_msg"}
{"payload":{"local_timestamp":1677290675408,"stderr":true,"stdout":"    "},"type":"ws_msg"}
{"payload":{"local_timestamp":1677290675408,"stderr":true,"stdout":"return self._forward_once(x, profile, visualize)  # single-scale inference, train"},"type":"ws_msg"}
{"payload":{"local_timestamp":1677290675408,"stderr":true,"stdout":"\n"},"type":"ws_msg"}
{"payload":{"local_timestamp":1677290675408,"stderr":true,"stdout":"  File \"/Users/chenggangma/Desktop/porgram/yolo/yolov5/models/yolo.py\", line 121, in _forward_once\n"},"type":"ws_msg"}
{"payload":{"local_timestamp":1677290675409,"stderr":true,"stdout":"    "},"type":"ws_msg"}
{"payload":{"local_timestamp":1677290675409,"stderr":true,"stdout":"x = m(x)  # run"},"type":"ws_msg"}
{"payload":{"local_timestamp":1677290675409,"stderr":true,"stdout":"\n"},"type":"ws_msg"}
{"payload":{"local_timestamp":1677290675409,"stderr":true,"stdout":"  File \"/Users/chenggangma/opt/anaconda3/envs/pytorch/lib/python3.8/site-packages/torch/nn/modules/module.py\", line 1194, in _call_impl\n"},"type":"ws_msg"}
{"payload":{"local_timestamp":1677290675410,"stderr":true,"stdout":"    "},"type":"ws_msg"}
{"payload":{"local_timestamp":1677290675410,"stderr":true,"stdout":"return forward_call(*input, **kwargs)"},"type":"ws_msg"}
{"payload":{"local_timestamp":1677290675410,"stderr":true,"stdout":"\n"},"type":"ws_msg"}
{"payload":{"local_timestamp":1677290675410,"stderr":true,"stdout":"  File \"/Users/chenggangma/Desktop/porgram/yolo/yolov5/models/common.py\", line 168, in forward\n"},"type":"ws_msg"}
{"payload":{"local_timestamp":1677290675413,"stderr":true,"stdout":"    "},"type":"ws_msg"}
{"payload":{"local_timestamp":1677290675413,"stderr":true,"stdout":"return self.cv3(torch.cat((self.m(self.cv1(x)), self.cv2(x)), 1))"},"type":"ws_msg"}
{"payload":{"local_timestamp":1677290675413,"stderr":true,"stdout":"\n"},"type":"ws_msg"}
{"payload":{"local_timestamp":1677290675413,"stderr":true,"stdout":"  File \"/Users/chenggangma/opt/anaconda3/envs/pytorch/lib/python3.8/site-packages/torch/nn/modules/module.py\", line 1194, in _call_impl\n"},"type":"ws_msg"}
{"payload":{"local_timestamp":1677290675413,"stderr":true,"stdout":"    "},"type":"ws_msg"}
{"payload":{"local_timestamp":1677290675414,"stderr":true,"stdout":"return forward_call(*input, **kwargs)"},"type":"ws_msg"}
{"payload":{"local_timestamp":1677290675414,"stderr":true,"stdout":"\n"},"type":"ws_msg"}
{"payload":{"local_timestamp":1677290675414,"stderr":true,"stdout":"  File \"/Users/chenggangma/opt/anaconda3/envs/pytorch/lib/python3.8/site-packages/torch/nn/modules/container.py\", line 204, in forward\n"},"type":"ws_msg"}
{"payload":{"local_timestamp":1677290675416,"stderr":true,"stdout":"    "},"type":"ws_msg"}
{"payload":{"local_timestamp":1677290675416,"stderr":true,"stdout":"input = module(input)"},"type":"ws_msg"}
{"payload":{"local_timestamp":1677290675416,"stderr":true,"stdout":"\n"},"type":"ws_msg"}
{"payload":{"local_timestamp":1677290675416,"stderr":true,"stdout":"  File \"/Users/chenggangma/opt/anaconda3/envs/pytorch/lib/python3.8/site-packages/torch/nn/modules/module.py\", line 1194, in _call_impl\n"},"type":"ws_msg"}
{"payload":{"local_timestamp":1677290675416,"stderr":true,"stdout":"    "},"type":"ws_msg"}
{"payload":{"local_timestamp":1677290675416,"stderr":true,"stdout":"return forward_call(*input, **kwargs)"},"type":"ws_msg"}
{"payload":{"local_timestamp":1677290675416,"stderr":true,"stdout":"\n"},"type":"ws_msg"}
{"payload":{"local_timestamp":1677290675416,"stderr":true,"stdout":"  File \"/Users/chenggangma/Desktop/porgram/yolo/yolov5/models/common.py\", line 121, in forward\n"},"type":"ws_msg"}
{"payload":{"local_timestamp":1677290675417,"stderr":true,"stdout":"    "},"type":"ws_msg"}
{"payload":{"local_timestamp":1677290675417,"stderr":true,"stdout":"return x + self.cv2(self.cv1(x)) if self.add else self.cv2(self.cv1(x))"},"type":"ws_msg"}
{"payload":{"local_timestamp":1677290675417,"stderr":true,"stdout":"\n"},"type":"ws_msg"}
{"payload":{"local_timestamp":1677290675417,"stderr":true,"stdout":"  File \"/Users/chenggangma/opt/anaconda3/envs/pytorch/lib/python3.8/site-packages/torch/nn/modules/module.py\", line 1194, in _call_impl\n"},"type":"ws_msg"}
{"payload":{"local_timestamp":1677290675418,"stderr":true,"stdout":"    "},"type":"ws_msg"}
{"payload":{"local_timestamp":1677290675418,"stderr":true,"stdout":"return forward_call(*input, **kwargs)"},"type":"ws_msg"}
{"payload":{"local_timestamp":1677290675418,"stderr":true,"stdout":"\n"},"type":"ws_msg"}
{"payload":{"local_timestamp":1677290675418,"stderr":true,"stdout":"  File \"/Users/chenggangma/Desktop/porgram/yolo/yolov5/models/common.py\", line 57, in forward\n"},"type":"ws_msg"}
{"payload":{"local_timestamp":1677290675418,"stderr":true,"stdout":"    "},"type":"ws_msg"}
{"payload":{"local_timestamp":1677290675418,"stderr":true,"stdout":"return self.act(self.bn(self.conv(x)))"},"type":"ws_msg"}
{"payload":{"local_timestamp":1677290675418,"stderr":true,"stdout":"\n"},"type":"ws_msg"}
{"payload":{"local_timestamp":1677290675418,"stderr":true,"stdout":"  File \"/Users/chenggangma/opt/anaconda3/envs/pytorch/lib/python3.8/site-packages/torch/nn/modules/module.py\", line 1194, in _call_impl\n"},"type":"ws_msg"}
{"payload":{"local_timestamp":1677290675419,"stderr":true,"stdout":"    "},"type":"ws_msg"}
{"payload":{"local_timestamp":1677290675419,"stderr":true,"stdout":"return forward_call(*input, **kwargs)"},"type":"ws_msg"}
{"payload":{"local_timestamp":1677290675419,"stderr":true,"stdout":"\n"},"type":"ws_msg"}
{"payload":{"local_timestamp":1677290675419,"stderr":true,"stdout":"  File \"/Users/chenggangma/opt/anaconda3/envs/pytorch/lib/python3.8/site-packages/torch/nn/modules/activation.py\", line 395, in forward\n"},"type":"ws_msg"}
{"payload":{"local_timestamp":1677290675421,"stderr":true,"stdout":"    "},"type":"ws_msg"}
{"payload":{"local_timestamp":1677290675421,"stderr":true,"stdout":"return F.silu(input, inplace=self.inplace)"},"type":"ws_msg"}
{"payload":{"local_timestamp":1677290675421,"stderr":true,"stdout":"\n"},"type":"ws_msg"}
{"payload":{"local_timestamp":1677290675421,"stderr":true,"stdout":"  File \"/Users/chenggangma/opt/anaconda3/envs/pytorch/lib/python3.8/site-packages/torch/nn/functional.py\", line 2058, in silu\n"},"type":"ws_msg"}
{"payload":{"local_timestamp":1677290675424,"stderr":true,"stdout":"    "},"type":"ws_msg"}
{"payload":{"local_timestamp":1677290675424,"stderr":true,"stdout":"return torch._C._nn.silu_(input)"},"type":"ws_msg"}
{"payload":{"local_timestamp":1677290675424,"stderr":true,"stdout":"\n"},"type":"ws_msg"}
{"payload":{"local_timestamp":1677290675425,"stderr":true,"stdout":"KeyboardInterrupt"},"type":"ws_msg"}
{"payload":{"local_timestamp":1677290675425,"stderr":true,"stdout":"\n"},"type":"ws_msg"}
{"payload":{"local_timestamp":1677290675486,"stderr":true,"stdout":"COMET INFO: ----------------------------------\n"},"type":"ws_msg"}
{"payload":{"local_timestamp":1677290675486,"stderr":true,"stdout":"COMET INFO: Comet.ml OfflineExperiment Summary\n"},"type":"ws_msg"}
{"payload":{"local_timestamp":1677290675486,"stderr":true,"stdout":"COMET INFO: ----------------------------------\n"},"type":"ws_msg"}
{"payload":{"local_timestamp":1677290675487,"stderr":true,"stdout":"COMET INFO:   Data:\n"},"type":"ws_msg"}
{"payload":{"local_timestamp":1677290675487,"stderr":true,"stdout":"COMET INFO:     display_summary_level : 1\n"},"type":"ws_msg"}
{"payload":{"local_timestamp":1677290675487,"stderr":true,"stdout":"COMET INFO:     url                   : [OfflineExperiment will get URL after upload]\n"},"type":"ws_msg"}
{"payload":{"local_timestamp":1677290675487,"stderr":true,"stdout":"COMET INFO:   Metrics:\n"},"type":"ws_msg"}
{"payload":{"local_timestamp":1677290675487,"stderr":true,"stdout":"COMET INFO:     metrics/mAP_0.5      : 4.6654830839775435e-05\n"},"type":"ws_msg"}
{"payload":{"local_timestamp":1677290675488,"stderr":true,"stdout":"COMET INFO:     metrics/mAP_0.5:0.95 : 9.242130459849975e-06\n"},"type":"ws_msg"}
{"payload":{"local_timestamp":1677290675488,"stderr":true,"stdout":"COMET INFO:     metrics/precision    : 8.547008547008547e-05\n"},"type":"ws_msg"}
{"payload":{"local_timestamp":1677290675488,"stderr":true,"stdout":"COMET INFO:     metrics/recall       : 0.015873015873015872\n"},"type":"ws_msg"}
{"payload":{"local_timestamp":1677290675488,"stderr":true,"stdout":"COMET INFO:     train/box_loss       : 0.11420702934265137\n"},"type":"ws_msg"}
{"payload":{"local_timestamp":1677290675489,"stderr":true,"stdout":"COMET INFO:     train/cls_loss       : 0.04168923199176788\n"},"type":"ws_msg"}
{"payload":{"local_timestamp":1677290675489,"stderr":true,"stdout":"COMET INFO:     train/obj_loss       : 0.025283535942435265\n"},"type":"ws_msg"}
{"payload":{"local_timestamp":1677290675489,"stderr":true,"stdout":"COMET INFO:     val/box_loss         : 0.10921177268028259\n"},"type":"ws_msg"}
{"payload":{"local_timestamp":1677290675489,"stderr":true,"stdout":"COMET INFO:     val/cls_loss         : 0.03714572638273239\n"},"type":"ws_msg"}
{"payload":{"local_timestamp":1677290675489,"stderr":true,"stdout":"COMET INFO:     val/obj_loss         : 0.02151588723063469\n"},"type":"ws_msg"}
{"payload":{"local_timestamp":1677290675490,"stderr":true,"stdout":"COMET INFO:     x/lr0                : 0.09190000000000001\n"},"type":"ws_msg"}
{"payload":{"local_timestamp":1677290675490,"stderr":true,"stdout":"COMET INFO:     x/lr1                : 0.0009000000000000001\n"},"type":"ws_msg"}
{"payload":{"local_timestamp":1677290675490,"stderr":true,"stdout":"COMET INFO:     x/lr2                : 0.0009000000000000001\n"},"type":"ws_msg"}
{"payload":{"local_timestamp":1677290675490,"stderr":true,"stdout":"COMET INFO:   Others:\n"},"type":"ws_msg"}
{"payload":{"local_timestamp":1677290675491,"stderr":true,"stdout":"COMET INFO:     Created from                : YOLOv5\n"},"type":"ws_msg"}
{"payload":{"local_timestamp":1677290675491,"stderr":true,"stdout":"COMET INFO:     comet_log_batch_metrics     : False\n"},"type":"ws_msg"}
{"payload":{"local_timestamp":1677290675491,"stderr":true,"stdout":"COMET INFO:     comet_log_confusion_matrix  : True\n"},"type":"ws_msg"}
{"payload":{"local_timestamp":1677290675491,"stderr":true,"stdout":"COMET INFO:     comet_log_per_class_metrics : False\n"},"type":"ws_msg"}
{"payload":{"local_timestamp":1677290675491,"stderr":true,"stdout":"COMET INFO:     comet_max_image_uploads     : 100\n"},"type":"ws_msg"}
{"payload":{"local_timestamp":1677290675492,"stderr":true,"stdout":"COMET INFO:     comet_mode                  : online\n"},"type":"ws_msg"}
{"payload":{"local_timestamp":1677290675492,"stderr":true,"stdout":"COMET INFO:     comet_model_name            : yolov5\n"},"type":"ws_msg"}
{"payload":{"local_timestamp":1677290675492,"stderr":true,"stdout":"COMET INFO:     offline_experiment          : True\n"},"type":"ws_msg"}
{"payload":{"local_timestamp":1677290675492,"stderr":true,"stdout":"COMET INFO:   Parameters:\n"},"type":"ws_msg"}
{"payload":{"local_timestamp":1677290675492,"stderr":true,"stdout":"COMET INFO:     anchor_t           : 4.0\n"},"type":"ws_msg"}
{"payload":{"local_timestamp":1677290675492,"stderr":true,"stdout":"COMET INFO:     artifact_alias     : latest\n"},"type":"ws_msg"}
{"payload":{"local_timestamp":1677290675493,"stderr":true,"stdout":"COMET INFO:     batch_size         : 16\n"},"type":"ws_msg"}
{"payload":{"local_timestamp":1677290675493,"stderr":true,"stdout":"COMET INFO:     bbox_interval      : -1\n"},"type":"ws_msg"}
{"payload":{"local_timestamp":1677290675493,"stderr":true,"stdout":"COMET INFO:     box                : 0.05\n"},"type":"ws_msg"}
{"payload":{"local_timestamp":1677290675493,"stderr":true,"stdout":"COMET INFO:     bucket             : \n"},"type":"ws_msg"}
{"payload":{"local_timestamp":1677290675493,"stderr":true,"stdout":"COMET INFO:     cache              : 1\n"},"type":"ws_msg"}
{"payload":{"local_timestamp":1677290675494,"stderr":true,"stdout":"COMET INFO:     cfg                : /Users/chenggangma/Desktop/porgram/yolo/yolov5/models/yolov5s.yaml\n"},"type":"ws_msg"}
{"payload":{"local_timestamp":1677290675494,"stderr":true,"stdout":"COMET INFO:     cls                : 0.01875\n"},"type":"ws_msg"}
{"payload":{"local_timestamp":1677290675494,"stderr":true,"stdout":"COMET INFO:     cls_pw             : 1.0\n"},"type":"ws_msg"}
{"payload":{"local_timestamp":1677290675494,"stderr":true,"stdout":"COMET INFO:     copy_paste         : 0.0\n"},"type":"ws_msg"}
{"payload":{"local_timestamp":1677290675494,"stderr":true,"stdout":"COMET INFO:     cos_lr             : False\n"},"type":"ws_msg"}
{"payload":{"local_timestamp":1677290675495,"stderr":true,"stdout":"COMET INFO:     data               : /Users/chenggangma/Desktop/porgram/yolo/yolov5/data/xiaohe_finder.yaml\n"},"type":"ws_msg"}
{"payload":{"local_timestamp":1677290675495,"stderr":true,"stdout":"COMET INFO:     degrees            : 0.0\n"},"type":"ws_msg"}
{"payload":{"local_timestamp":1677290675495,"stderr":true,"stdout":"COMET INFO:     device             : \n"},"type":"ws_msg"}
{"payload":{"local_timestamp":1677290675495,"stderr":true,"stdout":"COMET INFO:     entity             : 1\n"},"type":"ws_msg"}
{"payload":{"local_timestamp":1677290675495,"stderr":true,"stdout":"COMET INFO:     epochs             : 100\n"},"type":"ws_msg"}
{"payload":{"local_timestamp":1677290675496,"stderr":true,"stdout":"COMET INFO:     evolve             : 1\n"},"type":"ws_msg"}
{"payload":{"local_timestamp":1677290675496,"stderr":true,"stdout":"COMET INFO:     exist_ok           : False\n"},"type":"ws_msg"}
{"payload":{"local_timestamp":1677290675496,"stderr":true,"stdout":"COMET INFO:     fl_gamma           : 0.0\n"},"type":"ws_msg"}
{"payload":{"local_timestamp":1677290675496,"stderr":true,"stdout":"COMET INFO:     fliplr             : 0.5\n"},"type":"ws_msg"}
{"payload":{"local_timestamp":1677290675496,"stderr":true,"stdout":"COMET INFO:     flipud             : 0.0\n"},"type":"ws_msg"}
{"payload":{"local_timestamp":1677290675497,"stderr":true,"stdout":"COMET INFO:     freeze             : [0]\n"},"type":"ws_msg"}
{"payload":{"local_timestamp":1677290675497,"stderr":true,"stdout":"COMET INFO:     hsv_h              : 0.015\n"},"type":"ws_msg"}
{"payload":{"local_timestamp":1677290675497,"stderr":true,"stdout":"COMET INFO:     hsv_s              : 0.7\n"},"type":"ws_msg"}
{"payload":{"local_timestamp":1677290675497,"stderr":true,"stdout":"COMET INFO:     hsv_v              : 0.4\n"},"type":"ws_msg"}
{"payload":{"local_timestamp":1677290675497,"stderr":true,"stdout":"COMET INFO:     hyp                : {\"anchor_t\": 4.0, \"box\": 0.05, \"cls\": 0.5, \"cls_pw\": 1.0, \"copy_paste\": 0.0, \"degrees\": 0.0, \"fl_gamma\": 0.0, \"fliplr\": 0.5, \"flipud\": 0.0, \"hsv_h\": 0.015, \"hsv_s\": 0.7, \"hsv_v\": 0.4, \"iou_t\": 0.2, \"lr0\": 0.01, \"lrf\": 0.01, \"mixup\": 0.0, \"momentum\": 0.937, \"mosaic\": 1.0, \"obj\": 1.0, \"obj_pw\": 1.0, \"perspective\": 0.0, \"scale\": 0.5, \"shear\": 0.0, \"translate\": 0.1, \"warmup_bias_lr\": 0.1, \"warmup_epochs\": 3.0, \"warmup_momentum\": 0.8, \"weight_decay\": 0.0005}\n"},"type":"ws_msg"}
{"payload":{"local_timestamp":1677290675497,"stderr":true,"stdout":"COMET INFO:     image_weights      : False\n"},"type":"ws_msg"}
{"payload":{"local_timestamp":1677290675498,"stderr":true,"stdout":"COMET INFO:     imgsz              : 640\n"},"type":"ws_msg"}
{"payload":{"local_timestamp":1677290675498,"stderr":true,"stdout":"COMET INFO:     iou_t              : 0.2\n"},"type":"ws_msg"}
{"payload":{"local_timestamp":1677290675498,"stderr":true,"stdout":"COMET INFO:     label_smoothing    : 0.0\n"},"type":"ws_msg"}
{"payload":{"local_timestamp":1677290675498,"stderr":true,"stdout":"COMET INFO:     local_rank         : -1\n"},"type":"ws_msg"}
{"payload":{"local_timestamp":1677290675499,"stderr":true,"stdout":"COMET INFO:     lr0                : 0.01\n"},"type":"ws_msg"}
{"payload":{"local_timestamp":1677290675499,"stderr":true,"stdout":"COMET INFO:     lrf                : 0.01\n"},"type":"ws_msg"}
{"payload":{"local_timestamp":1677290675499,"stderr":true,"stdout":"COMET INFO:     mixup              : 0.0\n"},"type":"ws_msg"}
{"payload":{"local_timestamp":1677290675499,"stderr":true,"stdout":"COMET INFO:     momentum           : 0.937\n"},"type":"ws_msg"}
{"payload":{"local_timestamp":1677290675499,"stderr":true,"stdout":"COMET INFO:     mosaic             : 1.0\n"},"type":"ws_msg"}
{"payload":{"local_timestamp":1677290675499,"stderr":true,"stdout":"COMET INFO:     multi_scale        : False\n"},"type":"ws_msg"}
{"payload":{"local_timestamp":1677290675499,"stderr":true,"stdout":"COMET INFO:     name               : hei_test\n"},"type":"ws_msg"}
{"payload":{"local_timestamp":1677290675500,"stderr":true,"stdout":"COMET INFO:     noautoanchor       : False\n"},"type":"ws_msg"}
{"payload":{"local_timestamp":1677290675500,"stderr":true,"stdout":"COMET INFO:     noplots            : False\n"},"type":"ws_msg"}
{"payload":{"local_timestamp":1677290675500,"stderr":true,"stdout":"COMET INFO:     nosave             : False\n"},"type":"ws_msg"}
{"payload":{"local_timestamp":1677290675500,"stderr":true,"stdout":"COMET INFO:     noval              : False\n"},"type":"ws_msg"}
{"payload":{"local_timestamp":1677290675500,"stderr":true,"stdout":"COMET INFO:     obj                : 1.0\n"},"type":"ws_msg"}
{"payload":{"local_timestamp":1677290675501,"stderr":true,"stdout":"COMET INFO:     obj_pw             : 1.0\n"},"type":"ws_msg"}
{"payload":{"local_timestamp":1677290675501,"stderr":true,"stdout":"COMET INFO:     optimizer          : SGD\n"},"type":"ws_msg"}
{"payload":{"local_timestamp":1677290675501,"stderr":true,"stdout":"COMET INFO:     patience           : 100\n"},"type":"ws_msg"}
{"payload":{"local_timestamp":1677290675501,"stderr":true,"stdout":"COMET INFO:     perspective        : 0.0\n"},"type":"ws_msg"}
{"payload":{"local_timestamp":1677290675501,"stderr":true,"stdout":"COMET INFO:     project            : runs/train\n"},"type":"ws_msg"}
{"payload":{"local_timestamp":1677290675502,"stderr":true,"stdout":"COMET INFO:     quad               : False\n"},"type":"ws_msg"}
{"payload":{"local_timestamp":1677290675502,"stderr":true,"stdout":"COMET INFO:     rect               : False\n"},"type":"ws_msg"}
{"payload":{"local_timestamp":1677290675502,"stderr":true,"stdout":"COMET INFO:     resume             : False\n"},"type":"ws_msg"}
{"payload":{"local_timestamp":1677290675502,"stderr":true,"stdout":"COMET INFO:     save_dir           : runs/train/hei_test\n"},"type":"ws_msg"}
{"payload":{"local_timestamp":1677290675502,"stderr":true,"stdout":"COMET INFO:     save_period        : -1\n"},"type":"ws_msg"}
{"payload":{"local_timestamp":1677290675503,"stderr":true,"stdout":"COMET INFO:     scale              : 0.5\n"},"type":"ws_msg"}
{"payload":{"local_timestamp":1677290675503,"stderr":true,"stdout":"COMET INFO:     seed               : 0\n"},"type":"ws_msg"}
{"payload":{"local_timestamp":1677290675503,"stderr":true,"stdout":"COMET INFO:     shear              : 0.0\n"},"type":"ws_msg"}
{"payload":{"local_timestamp":1677290675503,"stderr":true,"stdout":"COMET INFO:     single_cls         : False\n"},"type":"ws_msg"}
{"payload":{"local_timestamp":1677290675503,"stderr":true,"stdout":"COMET INFO:     sync_bn            : False\n"},"type":"ws_msg"}
{"payload":{"local_timestamp":1677290675504,"stderr":true,"stdout":"COMET INFO:     translate          : 0.1\n"},"type":"ws_msg"}
{"payload":{"local_timestamp":1677290675504,"stderr":true,"stdout":"COMET INFO:     upload_dataset     : False\n"},"type":"ws_msg"}
{"payload":{"local_timestamp":1677290675504,"stderr":true,"stdout":"COMET INFO:     val_conf_threshold : 0.001\n"},"type":"ws_msg"}
{"payload":{"local_timestamp":1677290675504,"stderr":true,"stdout":"COMET INFO:     val_iou_threshold  : 0.6\n"},"type":"ws_msg"}
{"payload":{"local_timestamp":1677290675504,"stderr":true,"stdout":"COMET INFO:     warmup_bias_lr     : 0.1\n"},"type":"ws_msg"}
{"payload":{"local_timestamp":1677290675505,"stderr":true,"stdout":"COMET INFO:     warmup_epochs      : 3.0\n"},"type":"ws_msg"}
{"payload":{"local_timestamp":1677290675505,"stderr":true,"stdout":"COMET INFO:     warmup_momentum    : 0.8\n"},"type":"ws_msg"}
{"payload":{"local_timestamp":1677290675505,"stderr":true,"stdout":"COMET INFO:     weight_decay       : 0.0005\n"},"type":"ws_msg"}
{"payload":{"local_timestamp":1677290675505,"stderr":true,"stdout":"COMET INFO:     weights            : \n"},"type":"ws_msg"}
{"payload":{"local_timestamp":1677290675505,"stderr":true,"stdout":"COMET INFO:     workers            : 8\n"},"type":"ws_msg"}
{"payload":{"local_timestamp":1677290675505,"stderr":true,"stdout":"COMET INFO:   Uploads:\n"},"type":"ws_msg"}
{"payload":{"local_timestamp":1677290675505,"stderr":true,"stdout":"COMET INFO:     asset                        : 5 (315.87 KB)\n"},"type":"ws_msg"}
{"payload":{"local_timestamp":1677290675505,"stderr":true,"stdout":"COMET INFO:     conda-environment-definition : 1\n"},"type":"ws_msg"}
{"payload":{"local_timestamp":1677290675505,"stderr":true,"stdout":"COMET INFO:     conda-info                   : 1\n"},"type":"ws_msg"}
{"payload":{"local_timestamp":1677290675506,"stderr":true,"stdout":"COMET INFO:     conda-specification          : 1\n"},"type":"ws_msg"}
{"payload":{"local_timestamp":1677290675506,"stderr":true,"stdout":"COMET INFO:     environment details          : 1\n"},"type":"ws_msg"}
{"payload":{"local_timestamp":1677290675506,"stderr":true,"stdout":"COMET INFO:     installed packages           : 1\n"},"type":"ws_msg"}
{"payload":{"local_timestamp":1677290675506,"stderr":true,"stdout":"COMET INFO: ----------------------------------\n"},"type":"ws_msg"}
{"payload":{"local_timestamp":1677290675506,"stderr":true,"stdout":"COMET WARNING: Experiment Name is generated at upload time for Offline Experiments unless set explicitly with Experiment.set_name\n"},"type":"ws_msg"}
{"payload":{"local_timestamp":1677290675510,"stderr":true,"stdout":"COMET WARNING: Comet has disabled auto-logging functionality as it has been imported after the following ML modules: tensorboard, torch. Metrics and hyperparameters can still be logged using Experiment.log_metrics() and Experiment.log_parameters()\n"},"type":"ws_msg"}
{"payload":{"local_timestamp":1677290675510,"log_other":{"key":"sys.already_imported_modules","val":"[\"tensorboard\", \"torch\"]"}},"type":"ws_msg"}
